Workbook

Sheet Read me
A1: Performance Medicine Needs Evaluation and Assessment Tool (PM-NEAT): scoring workbook
A2: Pilot version 0.2: not yet validated | STRIKERS Elite Sports Group | University of St Andrews | CC BY-NC-ND 4.0
A4: How to use
A5: 1. On the Orientation sheet, choose the form you are completing (1.1 Needs Evaluation, 1.2 Service Assessment or 1.3 Gap Analysis) and complete the fields.
A6: 2. On the Ratings sheet, rate each domain in the yellow cells, choosing 0, 1, 2, 3 or N/A from the list: need for Forms 1.1 and 1.3, provision for Forms 1.2 and 1.3. The Scales sheet gives the descriptor for every level.
A7: 3. The gap, band and every total are calculated. The sheets are protected, without a password, so that only the yellow cells can be changed. The Summary sheet gives each section's totals and, for Form 1.3, its unmet need, surplus and priority rating.
A8: 4. Record priority actions, the narrative conclusion and sign-off on the Actions sheet. The OpSpec sheet carries the ratings into PM-OpSpec Section B and sub-component C3, for the service lead to complete.
A9: Legend
A10: Yellow cells are for the assessor to complete. White cells hold labels or formulas.
A11: Example of the expected entries: a domain rated need 3 and provision 1 has a gap of 2 and is red; one rated need 1 and provision 2 has a gap of minus 1, is green and adds 1 to the section's surplus; one rated N/A for both has no gap and is excluded from every total.
A12: Rules
A13: Gap: need minus provision, for domains rated on both. Bands: Red, gap of 2 or more (priority action); Amber, gap of 1 (development); Green, gap of 0 or less (met or exceeded).
... A19: Web version: https://andrewhallorthosports.github.io/performance-medicine/tools/

Sheet Orientation
A1: Orientation
A2: Pilot version 0.2: not yet validated | STRIKERS Elite Sports Group | University of St Andrews | CC BY-NC-ND 4.0
A4: Form completed | B4: 1.3
A5: Organisation or service
A6: Setting
A7: Function, level, and sport or field
A8: Performers: who, numbers, level and roles
A9: Date or dates of assessment
A10: Lead assessor (name and role)
A11: Other assessors (names and roles)
A12: Purpose of, or trigger for, the assessment
A13: Previous assessment?
A14: Aims and objectives
A15: Key performance indicators
A16: Timeline: near, medium and longer term
... A20: Choose 1.1, 1.2 or 1.3 in the first field; the Ratings and Summary sheets follow it.

Sheet Ratings
A1: Ratings
A2: Pilot version 0.2: not yet validated | STRIKERS Elite Sports Group | University of St Andrews | CC BY-NC-ND 4.0
A4: Section | B4: Section name | C4: Code | D4: Domain | E4: Description (version 0.2) | F4: Need | G4: Provision | H4: Gap | I4: Band | J4: Check | K4: Notes | L4: Rated
A5: 1 | B5: Medical | C5: 1.1 | D5: Sport and Exercise Medicine | E5: Medical care of performers: diagnosis and medical management of injury and illness, medical screening, prescribing and oversight of health across training, competition, operations or work; emergency care is scored under 1.3 and rehabilitation under 3.1. | H5: =IF(AND(ISNUMBER(F5),ISNUMBER(G5)),F5-G5,"") | I5: =IF(H5="","",IF(H5>=2,"Red",IF(H5=1,"Amber","Green"))) | J5: =IF(OR(F5="N/A",G5="N/A"),IF(AND(Orientation!$B$4="1.3",F5<>G5),"N/A applies to both",""),IF(OR(AND(OR(Orientation!$B$4="1.1",Orientation!$B$4="1.3"),F5=""),AND(OR(Orientation!$B$4="1.2",Orientation!$B$4="1.3"),G5="")),"Not yet rated","")) -> Not yet rated | L5: =IF(OR(F5="N/A",G5="N/A"),0,IF(AND(OR(Orientation!$B$4="1.2",ISNUMBER(F5)),OR(Orientation!$B$4="1.1",ISNUMBER(G5))),1,0)) -> 0
A6: 1 | B6: Medical | C6: 1.2 | D6: Lifestyle and Preventive Medicine | E6: Health promotion and the prevention of chronic disease: assessment of and intervention on physical activity, diet, sleep, stress, substance use and social connection, and screening for long-term risk; specialist nutrition and sleep provision for performance are scored under 3.2 and 3.6. | H6: =IF(AND(ISNUMBER(F6),ISNUMBER(G6)),F6-G6,"") | I6: =IF(H6="","",IF(H6>=2,"Red",IF(H6=1,"Amber","Green"))) | J6: =IF(OR(F6="N/A",G6="N/A"),IF(AND(Orientation!$B$4="1.3",F6<>G6),"N/A applies to both",""),IF(OR(AND(OR(Orientation!$B$4="1.1",Orientation!$B$4="1.3"),F6=""),AND(OR(Orientation!$B$4="1.2",Orientation!$B$4="1.3"),G6="")),"Not yet rated","")) -> Not yet rated | L6: =IF(OR(F6="N/A",G6="N/A"),0,IF(AND(OR(Orientation!$B$4="1.2",ISNUMBER(F6)),OR(Orientation!$B$4="1.1",ISNUMBER(G6))),1,0)) -> 0
A7: 1 | B7: Medical | C7: 1.3 | D7: Emergency and Acute Care | E7: Emergency action planning and the immediate care of acute injury and illness wherever performers train, compete, deploy or work, with the staff training, equipment and drills that it requires. | H7: =IF(AND(ISNUMBER(F7),ISNUMBER(G7)),F7-G7,"") | I7: =IF(H7="","",IF(H7>=2,"Red",IF(H7=1,"Amber","Green"))) | J7: =IF(OR(F7="N/A",G7="N/A"),IF(AND(Orientation!$B$4="1.3",F7<>G7),"N/A applies to both",""),IF(OR(AND(OR(Orientation!$B$4="1.1",Orientation!$B$4="1.3"),F7=""),AND(OR(Orientation!$B$4="1.2",Orientation!$B$4="1.3"),G7="")),"Not yet rated","")) -> Not yet rated | L7: =IF(OR(F7="N/A",G7="N/A"),0,IF(AND(OR(Orientation!$B$4="1.2",ISNUMBER(F7)),OR(Orientation!$B$4="1.1",ISNUMBER(G7))),1,0)) -> 0
A8: 1 | B8: Medical | C8: 1.4 | D8: Specialist Liaison and Referral | E8: Access to care beyond the service: referral pathways to external specialists and to secondary and tertiary services, and the coordination of performers' care across them. | H8: =IF(AND(ISNUMBER(F8),ISNUMBER(G8)),F8-G8,"") | I8: =IF(H8="","",IF(H8>=2,"Red",IF(H8=1,"Amber","Green"))) | J8: =IF(OR(F8="N/A",G8="N/A"),IF(AND(Orientation!$B$4="1.3",F8<>G8),"N/A applies to both",""),IF(OR(AND(OR(Orientation!$B$4="1.1",Orientation!$B$4="1.3"),F8=""),AND(OR(Orientation!$B$4="1.2",Orientation!$B$4="1.3"),G8="")),"Not yet rated","")) -> Not yet rated | L8: =IF(OR(F8="N/A",G8="N/A"),0,IF(AND(OR(Orientation!$B$4="1.2",ISNUMBER(F8)),OR(Orientation!$B$4="1.1",ISNUMBER(G8))),1,0)) -> 0
A9: 2 | B9: Psychological | C9: 2.1 | D9: Performance Psychology | E9: Performance psychology: mental skills, psychological readiness and preparation for performance under pressure, for individuals and teams. | H9: =IF(AND(ISNUMBER(F9),ISNUMBER(G9)),F9-G9,"") | I9: =IF(H9="","",IF(H9>=2,"Red",IF(H9=1,"Amber","Green"))) | J9: =IF(OR(F9="N/A",G9="N/A"),IF(AND(Orientation!$B$4="1.3",F9<>G9),"N/A applies to both",""),IF(OR(AND(OR(Orientation!$B$4="1.1",Orientation!$B$4="1.3"),F9=""),AND(OR(Orientation!$B$4="1.2",Orientation!$B$4="1.3"),G9="")),"Not yet rated","")) -> Not yet rated | L9: =IF(OR(F9="N/A",G9="N/A"),0,IF(AND(OR(Orientation!$B$4="1.2",ISNUMBER(F9)),OR(Orientation!$B$4="1.1",ISNUMBER(G9))),1,0)) -> 0
A10: 2 | B10: Psychological | C10: 2.2 | D10: Clinical Psychology and Mental Health | E10: Mental health care: screening, assessment, treatment and onward referral for mental health conditions in performers; the response to acute crises is scored under 2.6. | H10: =IF(AND(ISNUMBER(F10),ISNUMBER(G10)),F10-G10,"") | I10: =IF(H10="","",IF(H10>=2,"Red",IF(H10=1,"Amber","Green"))) | J10: =IF(OR(F10="N/A",G10="N/A"),IF(AND(Orientation!$B$4="1.3",F10<>G10),"N/A applies to both",""),IF(OR(AND(OR(Orientation!$B$4="1.1",Orientation!$B$4="1.3"),F10=""),AND(OR(Orientation!$B$4="1.2",Orientation!$B$4="1.3"),G10="")),"Not yet rated","")) -> Not yet rated | L10: =IF(OR(F10="N/A",G10="N/A"),0,IF(AND(OR(Orientation!$B$4="1.2",ISNUMBER(F10)),OR(Orientation!$B$4="1.1",ISNUMBER(G10))),1,0)) -> 0
A11: 2 | B11: Psychological | C11: 2.3 | D11: Psychological Load Management | E11: Psychological load: monitoring and management of stress, fatigue and burnout, and of psychological recovery; physical load is scored under 3.6. | H11: =IF(AND(ISNUMBER(F11),ISNUMBER(G11)),F11-G11,"") | I11: =IF(H11="","",IF(H11>=2,"Red",IF(H11=1,"Amber","Green"))) | J11: =IF(OR(F11="N/A",G11="N/A"),IF(AND(Orientation!$B$4="1.3",F11<>G11),"N/A applies to both",""),IF(OR(AND(OR(Orientation!$B$4="1.1",Orientation!$B$4="1.3"),F11=""),AND(OR(Orientation!$B$4="1.2",Orientation!$B$4="1.3"),G11="")),"Not yet rated","")) -> Not yet rated | L11: =IF(OR(F11="N/A",G11="N/A"),0,IF(AND(OR(Orientation!$B$4="1.2",ISNUMBER(F11)),OR(Orientation!$B$4="1.1",ISNUMBER(G11))),1,0)) -> 0
A12: 2 | B12: Psychological | C12: 2.4 | D12: Psychosocial Environment | E12: The psychosocial environment: team culture, psychological safety, relationships, leadership climate and the social conditions in which performers live and work. | H12: =IF(AND(ISNUMBER(F12),ISNUMBER(G12)),F12-G12,"") | I12: =IF(H12="","",IF(H12>=2,"Red",IF(H12=1,"Amber","Green"))) | J12: =IF(OR(F12="N/A",G12="N/A"),IF(AND(Orientation!$B$4="1.3",F12<>G12),"N/A applies to both",""),IF(OR(AND(OR(Orientation!$B$4="1.1",Orientation!$B$4="1.3"),F12=""),AND(OR(Orientation!$B$4="1.2",Orientation!$B$4="1.3"),G12="")),"Not yet rated","")) -> Not yet rated | L12: =IF(OR(F12="N/A",G12="N/A"),0,IF(AND(OR(Orientation!$B$4="1.2",ISNUMBER(F12)),OR(Orientation!$B$4="1.1",ISNUMBER(G12))),1,0)) -> 0
A13: 2 | B13: Psychological | C13: 2.5 | D13: Cognitive Performance | E13: Cognitive performance: attention, perception, decision-making under pressure, cognitive load and brain health. | H13: =IF(AND(ISNUMBER(F13),ISNUMBER(G13)),F13-G13,"") | I13: =IF(H13="","",IF(H13>=2,"Red",IF(H13=1,"Amber","Green"))) | J13: =IF(OR(F13="N/A",G13="N/A"),IF(AND(Orientation!$B$4="1.3",F13<>G13),"N/A applies to both",""),IF(OR(AND(OR(Orientation!$B$4="1.1",Orientation!$B$4="1.3"),F13=""),AND(OR(Orientation!$B$4="1.2",Orientation!$B$4="1.3"),G13="")),"Not yet rated","")) -> Not yet rated | L13: =IF(OR(F13="N/A",G13="N/A"),0,IF(AND(OR(Orientation!$B$4="1.2",ISNUMBER(F13)),OR(Orientation!$B$4="1.1",ISNUMBER(G13))),1,0)) -> 0
A14: 2 | B14: Psychological | C14: 2.6 | D14: Welfare, Crisis and Safeguarding | E14: Welfare support for performers and the immediate response to psychological crises, critical incidents and safeguarding concerns as they arise, with onward referral; the organisation's safeguarding framework is scored under 5.4. | H14: =IF(AND(ISNUMBER(F14),ISNUMBER(G14)),F14-G14,"") | I14: =IF(H14="","",IF(H14>=2,"Red",IF(H14=1,"Amber","Green"))) | J14: =IF(OR(F14="N/A",G14="N/A"),IF(AND(Orientation!$B$4="1.3",F14<>G14),"N/A applies to both",""),IF(OR(AND(OR(Orientation!$B$4="1.1",Orientation!$B$4="1.3"),F14=""),AND(OR(Orientation!$B$4="1.2",Orientation!$B$4="1.3"),G14="")),"Not yet rated","")) -> Not yet rated | L14: =IF(OR(F14="N/A",G14="N/A"),0,IF(AND(OR(Orientation!$B$4="1.2",ISNUMBER(F14)),OR(Orientation!$B$4="1.1",ISNUMBER(G14))),1,0)) -> 0
A15: 3 | B15: Allied Health and Scientific | C15: 3.1 | D15: Physiotherapy and Rehabilitation | E15: Musculoskeletal assessment, treatment and progressive rehabilitation to agreed criteria; the decision to return to full performance is scored under 5.2. | H15: =IF(AND(ISNUMBER(F15),ISNUMBER(G15)),F15-G15,"") | I15: =IF(H15="","",IF(H15>=2,"Red",IF(H15=1,"Amber","Green"))) | J15: =IF(OR(F15="N/A",G15="N/A"),IF(AND(Orientation!$B$4="1.3",F15<>G15),"N/A applies to both",""),IF(OR(AND(OR(Orientation!$B$4="1.1",Orientation!$B$4="1.3"),F15=""),AND(OR(Orientation!$B$4="1.2",Orientation!$B$4="1.3"),G15="")),"Not yet rated","")) -> Not yet rated | L15: =IF(OR(F15="N/A",G15="N/A"),0,IF(AND(OR(Orientation!$B$4="1.2",ISNUMBER(F15)),OR(Orientation!$B$4="1.1",ISNUMBER(G15))),1,0)) -> 0
A16: 3 | B16: Allied Health and Scientific | C16: 3.2 | D16: Nutrition and Dietetics | E16: Nutritional assessment, fuelling and hydration strategies, body composition, supplement use and the dietetic management of clinical conditions. | H16: =IF(AND(ISNUMBER(F16),ISNUMBER(G16)),F16-G16,"") | I16: =IF(H16="","",IF(H16>=2,"Red",IF(H16=1,"Amber","Green"))) | J16: =IF(OR(F16="N/A",G16="N/A"),IF(AND(Orientation!$B$4="1.3",F16<>G16),"N/A applies to both",""),IF(OR(AND(OR(Orientation!$B$4="1.1",Orientation!$B$4="1.3"),F16=""),AND(OR(Orientation!$B$4="1.2",Orientation!$B$4="1.3"),G16="")),"Not yet rated","")) -> Not yet rated | L16: =IF(OR(F16="N/A",G16="N/A"),0,IF(AND(OR(Orientation!$B$4="1.2",ISNUMBER(F16)),OR(Orientation!$B$4="1.1",ISNUMBER(G16))),1,0)) -> 0
... A38: 7 | B38: Research and Knowledge Translation | C38: 7.4 | D38: Knowledge Dissemination and Translation | E38: Sharing knowledge beyond the service: publication, conference presentation, external teaching and the translation of the service's learning into practice elsewhere. | H38: =IF(AND(ISNUMBER(F38),ISNUMBER(G38)),F38-G38,"") | I38: =IF(H38="","",IF(H38>=2,"Red",IF(H38=1,"Amber","Green"))) | J38: =IF(OR(F38="N/A",G38="N/A"),IF(AND(Orientation!$B$4="1.3",F38<>G38),"N/A applies to both",""),IF(OR(AND(OR(Orientation!$B$4="1.1",Orientation!$B$4="1.3"),F38=""),AND(OR(Orientation!$B$4="1.2",Orientation!$B$4="1.3"),G38="")),"Not yet rated","")) -> Not yet rated | L38: =IF(OR(F38="N/A",G38="N/A"),0,IF(AND(OR(Orientation!$B$4="1.2",ISNUMBER(F38)),OR(Orientation!$B$4="1.1",ISNUMBER(G38))),1,0)) -> 0

Sheet Summary
A1: Synthesis and summary
A2: Pilot version 0.2: not yet validated | STRIKERS Elite Sports Group | University of St Andrews | CC BY-NC-ND 4.0
A4: Section | B4: Section name | C4: Domains rated | D4: Not yet rated | E4: Total need | F4: Total provision | G4: Unmet need | H4: Surplus | I4: Priority rating | J4: Key observations
A5: 1 | B5: Medical | C5: =SUMIFS(Ratings!$L$5:$L$38,Ratings!$A$5:$A$38,$A5) -> 0 | D5: =COUNTIFS(Ratings!$A$5:$A$38,$A5,Ratings!$J$5:$J$38,"Not yet rated") -> 4 | E5: =IF(Orientation!$B$4="1.2","",SUMIFS(Ratings!$F$5:$F$38,Ratings!$A$5:$A$38,$A5,Ratings!$L$5:$L$38,1)) -> 0 | F5: =IF(Orientation!$B$4="1.1","",SUMIFS(Ratings!$G$5:$G$38,Ratings!$A$5:$A$38,$A5,Ratings!$L$5:$L$38,1)) -> 0 | G5: =IF(Orientation!$B$4="1.3",SUMIFS(Ratings!$H$5:$H$38,Ratings!$A$5:$A$38,$A5,Ratings!$H$5:$H$38,">0"),"") -> 0 | H5: =IF(Orientation!$B$4="1.3",-SUMIFS(Ratings!$H$5:$H$38,Ratings!$A$5:$A$38,$A5,Ratings!$H$5:$H$38,"<0"),"") -> 0 | I5: =IF(Orientation!$B$4="1.3",IF(COUNTIFS(Ratings!$A$5:$A$38,$A5,Ratings!$I$5:$I$38,"Red")>0,"Red",IF(COUNTIFS(Ratings!$A$5:$A$38,$A5,Ratings!$I$5:$I$38,"Amber")>0,"Amber",IF(COUNTIFS(Ratings!$A$5:$A$38,$A5,Ratings!$I$5:$I$38,"Green")>0,"Green","No rating"))),"") -> No rating
A6: 2 | B6: Psychological | C6: =SUMIFS(Ratings!$L$5:$L$38,Ratings!$A$5:$A$38,$A6) -> 0 | D6: =COUNTIFS(Ratings!$A$5:$A$38,$A6,Ratings!$J$5:$J$38,"Not yet rated") -> 6 | E6: =IF(Orientation!$B$4="1.2","",SUMIFS(Ratings!$F$5:$F$38,Ratings!$A$5:$A$38,$A6,Ratings!$L$5:$L$38,1)) -> 0 | F6: =IF(Orientation!$B$4="1.1","",SUMIFS(Ratings!$G$5:$G$38,Ratings!$A$5:$A$38,$A6,Ratings!$L$5:$L$38,1)) -> 0 | G6: =IF(Orientation!$B$4="1.3",SUMIFS(Ratings!$H$5:$H$38,Ratings!$A$5:$A$38,$A6,Ratings!$H$5:$H$38,">0"),"") -> 0 | H6: =IF(Orientation!$B$4="1.3",-SUMIFS(Ratings!$H$5:$H$38,Ratings!$A$5:$A$38,$A6,Ratings!$H$5:$H$38,"<0"),"") -> 0 | I6: =IF(Orientation!$B$4="1.3",IF(COUNTIFS(Ratings!$A$5:$A$38,$A6,Ratings!$I$5:$I$38,"Red")>0,"Red",IF(COUNTIFS(Ratings!$A$5:$A$38,$A6,Ratings!$I$5:$I$38,"Amber")>0,"Amber",IF(COUNTIFS(Ratings!$A$5:$A$38,$A6,Ratings!$I$5:$I$38,"Green")>0,"Green","No rating"))),"") -> No rating
A7: 3 | B7: Allied Health and Scientific | C7: =SUMIFS(Ratings!$L$5:$L$38,Ratings!$A$5:$A$38,$A7) -> 0 | D7: =COUNTIFS(Ratings!$A$5:$A$38,$A7,Ratings!$J$5:$J$38,"Not yet rated") -> 6 | E7: =IF(Orientation!$B$4="1.2","",SUMIFS(Ratings!$F$5:$F$38,Ratings!$A$5:$A$38,$A7,Ratings!$L$5:$L$38,1)) -> 0 | F7: =IF(Orientation!$B$4="1.1","",SUMIFS(Ratings!$G$5:$G$38,Ratings!$A$5:$A$38,$A7,Ratings!$L$5:$L$38,1)) -> 0 | G7: =IF(Orientation!$B$4="1.3",SUMIFS(Ratings!$H$5:$H$38,Ratings!$A$5:$A$38,$A7,Ratings!$H$5:$H$38,">0"),"") -> 0 | H7: =IF(Orientation!$B$4="1.3",-SUMIFS(Ratings!$H$5:$H$38,Ratings!$A$5:$A$38,$A7,Ratings!$H$5:$H$38,"<0"),"") -> 0 | I7: =IF(Orientation!$B$4="1.3",IF(COUNTIFS(Ratings!$A$5:$A$38,$A7,Ratings!$I$5:$I$38,"Red")>0,"Red",IF(COUNTIFS(Ratings!$A$5:$A$38,$A7,Ratings!$I$5:$I$38,"Amber")>0,"Amber",IF(COUNTIFS(Ratings!$A$5:$A$38,$A7,Ratings!$I$5:$I$38,"Green")>0,"Green","No rating"))),"") -> No rating
A8: 4 | B8: Technical | C8: =SUMIFS(Ratings!$L$5:$L$38,Ratings!$A$5:$A$38,$A8) -> 0 | D8: =COUNTIFS(Ratings!$A$5:$A$38,$A8,Ratings!$J$5:$J$38,"Not yet rated") -> 6 | E8: =IF(Orientation!$B$4="1.2","",SUMIFS(Ratings!$F$5:$F$38,Ratings!$A$5:$A$38,$A8,Ratings!$L$5:$L$38,1)) -> 0 | F8: =IF(Orientation!$B$4="1.1","",SUMIFS(Ratings!$G$5:$G$38,Ratings!$A$5:$A$38,$A8,Ratings!$L$5:$L$38,1)) -> 0 | G8: =IF(Orientation!$B$4="1.3",SUMIFS(Ratings!$H$5:$H$38,Ratings!$A$5:$A$38,$A8,Ratings!$H$5:$H$38,">0"),"") -> 0 | H8: =IF(Orientation!$B$4="1.3",-SUMIFS(Ratings!$H$5:$H$38,Ratings!$A$5:$A$38,$A8,Ratings!$H$5:$H$38,"<0"),"") -> 0 | I8: =IF(Orientation!$B$4="1.3",IF(COUNTIFS(Ratings!$A$5:$A$38,$A8,Ratings!$I$5:$I$38,"Red")>0,"Red",IF(COUNTIFS(Ratings!$A$5:$A$38,$A8,Ratings!$I$5:$I$38,"Amber")>0,"Amber",IF(COUNTIFS(Ratings!$A$5:$A$38,$A8,Ratings!$I$5:$I$38,"Green")>0,"Green","No rating"))),"") -> No rating
A9: 5 | B9: Clinical Practice | C9: =SUMIFS(Ratings!$L$5:$L$38,Ratings!$A$5:$A$38,$A9) -> 0 | D9: =COUNTIFS(Ratings!$A$5:$A$38,$A9,Ratings!$J$5:$J$38,"Not yet rated") -> 4 | E9: =IF(Orientation!$B$4="1.2","",SUMIFS(Ratings!$F$5:$F$38,Ratings!$A$5:$A$38,$A9,Ratings!$L$5:$L$38,1)) -> 0 | F9: =IF(Orientation!$B$4="1.1","",SUMIFS(Ratings!$G$5:$G$38,Ratings!$A$5:$A$38,$A9,Ratings!$L$5:$L$38,1)) -> 0 | G9: =IF(Orientation!$B$4="1.3",SUMIFS(Ratings!$H$5:$H$38,Ratings!$A$5:$A$38,$A9,Ratings!$H$5:$H$38,">0"),"") -> 0 | H9: =IF(Orientation!$B$4="1.3",-SUMIFS(Ratings!$H$5:$H$38,Ratings!$A$5:$A$38,$A9,Ratings!$H$5:$H$38,"<0"),"") -> 0 | I9: =IF(Orientation!$B$4="1.3",IF(COUNTIFS(Ratings!$A$5:$A$38,$A9,Ratings!$I$5:$I$38,"Red")>0,"Red",IF(COUNTIFS(Ratings!$A$5:$A$38,$A9,Ratings!$I$5:$I$38,"Amber")>0,"Amber",IF(COUNTIFS(Ratings!$A$5:$A$38,$A9,Ratings!$I$5:$I$38,"Green")>0,"Green","No rating"))),"") -> No rating
A10: 6 | B10: Education and Development | C10: =SUMIFS(Ratings!$L$5:$L$38,Ratings!$A$5:$A$38,$A10) -> 0 | D10: =COUNTIFS(Ratings!$A$5:$A$38,$A10,Ratings!$J$5:$J$38,"Not yet rated") -> 4 | E10: =IF(Orientation!$B$4="1.2","",SUMIFS(Ratings!$F$5:$F$38,Ratings!$A$5:$A$38,$A10,Ratings!$L$5:$L$38,1)) -> 0 | F10: =IF(Orientation!$B$4="1.1","",SUMIFS(Ratings!$G$5:$G$38,Ratings!$A$5:$A$38,$A10,Ratings!$L$5:$L$38,1)) -> 0 | G10: =IF(Orientation!$B$4="1.3",SUMIFS(Ratings!$H$5:$H$38,Ratings!$A$5:$A$38,$A10,Ratings!$H$5:$H$38,">0"),"") -> 0 | H10: =IF(Orientation!$B$4="1.3",-SUMIFS(Ratings!$H$5:$H$38,Ratings!$A$5:$A$38,$A10,Ratings!$H$5:$H$38,"<0"),"") -> 0 | I10: =IF(Orientation!$B$4="1.3",IF(COUNTIFS(Ratings!$A$5:$A$38,$A10,Ratings!$I$5:$I$38,"Red")>0,"Red",IF(COUNTIFS(Ratings!$A$5:$A$38,$A10,Ratings!$I$5:$I$38,"Amber")>0,"Amber",IF(COUNTIFS(Ratings!$A$5:$A$38,$A10,Ratings!$I$5:$I$38,"Green")>0,"Green","No rating"))),"") -> No rating
A11: 7 | B11: Research and Knowledge Translation | C11: =SUMIFS(Ratings!$L$5:$L$38,Ratings!$A$5:$A$38,$A11) -> 0 | D11: =COUNTIFS(Ratings!$A$5:$A$38,$A11,Ratings!$J$5:$J$38,"Not yet rated") -> 4 | E11: =IF(Orientation!$B$4="1.2","",SUMIFS(Ratings!$F$5:$F$38,Ratings!$A$5:$A$38,$A11,Ratings!$L$5:$L$38,1)) -> 0 | F11: =IF(Orientation!$B$4="1.1","",SUMIFS(Ratings!$G$5:$G$38,Ratings!$A$5:$A$38,$A11,Ratings!$L$5:$L$38,1)) -> 0 | G11: =IF(Orientation!$B$4="1.3",SUMIFS(Ratings!$H$5:$H$38,Ratings!$A$5:$A$38,$A11,Ratings!$H$5:$H$38,">0"),"") -> 0 | H11: =IF(Orientation!$B$4="1.3",-SUMIFS(Ratings!$H$5:$H$38,Ratings!$A$5:$A$38,$A11,Ratings!$H$5:$H$38,"<0"),"") -> 0 | I11: =IF(Orientation!$B$4="1.3",IF(COUNTIFS(Ratings!$A$5:$A$38,$A11,Ratings!$I$5:$I$38,"Red")>0,"Red",IF(COUNTIFS(Ratings!$A$5:$A$38,$A11,Ratings!$I$5:$I$38,"Amber")>0,"Amber",IF(COUNTIFS(Ratings!$A$5:$A$38,$A11,Ratings!$I$5:$I$38,"Green")>0,"Green","No rating"))),"") -> No rating
B12: All sections | C12: =SUM(C5:C11) -> 0 | D12: =SUM(D5:D11) -> 34 | E12: =IF(Orientation!$B$4="1.2","",SUM(E5:E11)) -> 0 | F12: =IF(Orientation!$B$4="1.1","",SUM(F5:F11)) -> 0 | G12: =IF(Orientation!$B$4="1.3",SUM(G5:G11),"") -> 0 | H12: =IF(Orientation!$B$4="1.3",SUM(H5:H11),"") -> 0 | I12: =IF(Orientation!$B$4="1.3",IF(COUNTIF(I5:I11,"Red")>0,"Red",IF(COUNTIF(I5:I11,"Amber")>0,"Amber",IF(COUNTIF(I5:I11,"Green")>0,"Green","No rating"))),"") -> No rating
A14: Unmet need, surplus and the priority rating need both ratings, so they apply to Form 1.3; Form 1.1 reports total need and Form 1.2 total provision.
A15: A domain counts as rated once every rating the form uses is entered; domains rated N/A are excluded from every count and total.
A16: Surplus is reported as a positive number and never offsets unmet need. The priority rating is that of the section's worst domain.
A17: The All sections row sums the section rows; its rating is the worst section rating.

Sheet Actions
A1: Priority actions, conclusion and sign-off
A2: Pilot version 0.2: not yet validated | STRIKERS Elite Sports Group | University of St Andrews | CC BY-NC-ND 4.0
A4: No. | B4: Domain | C4: Action required | D4: Lead | E4: Timeline
A5: 1
A6: 2
A7: 3
A8: 4
A9: 5
A11: Narrative conclusion and recommendations
A24: Sign-off
B25: Lead assessor name | C25: Signature | D25: Date

Sheet OpSpec
A1: Performance Medicine Operational Specification (PM-OpSpec): Section B and sub-component C3, pre-filled from the ratings
A2: Pilot version 0.2: not yet validated | STRIKERS Elite Sports Group | University of St Andrews | CC BY-NC-ND 4.0
A4: Code | B4: Domain | C4: Description of provision in this service | D4: In scope? | E4: PM-NEAT need | F4: PM-NEAT provision | G4: Notes and local adaptation
A5: 1.1 | B5: Sport and Exercise Medicine | D5: =IF(OR(Ratings!F5="N/A",Ratings!G5="N/A"),"No",IF(AND(Ratings!F5="",Ratings!G5=""),"","Yes")) | E5: =IF(Ratings!F5="","",Ratings!F5) | F5: =IF(Ratings!G5="","",Ratings!G5)
A6: 1.2 | B6: Lifestyle and Preventive Medicine | D6: =IF(OR(Ratings!F6="N/A",Ratings!G6="N/A"),"No",IF(AND(Ratings!F6="",Ratings!G6=""),"","Yes")) | E6: =IF(Ratings!F6="","",Ratings!F6) | F6: =IF(Ratings!G6="","",Ratings!G6)
A7: 1.3 | B7: Emergency and Acute Care | D7: =IF(OR(Ratings!F7="N/A",Ratings!G7="N/A"),"No",IF(AND(Ratings!F7="",Ratings!G7=""),"","Yes")) | E7: =IF(Ratings!F7="","",Ratings!F7) | F7: =IF(Ratings!G7="","",Ratings!G7)
A8: 1.4 | B8: Specialist Liaison and Referral | D8: =IF(OR(Ratings!F8="N/A",Ratings!G8="N/A"),"No",IF(AND(Ratings!F8="",Ratings!G8=""),"","Yes")) | E8: =IF(Ratings!F8="","",Ratings!F8) | F8: =IF(Ratings!G8="","",Ratings!G8)
A9: 2.1 | B9: Performance Psychology | D9: =IF(OR(Ratings!F9="N/A",Ratings!G9="N/A"),"No",IF(AND(Ratings!F9="",Ratings!G9=""),"","Yes")) | E9: =IF(Ratings!F9="","",Ratings!F9) | F9: =IF(Ratings!G9="","",Ratings!G9)
A10: 2.2 | B10: Clinical Psychology and Mental Health | D10: =IF(OR(Ratings!F10="N/A",Ratings!G10="N/A"),"No",IF(AND(Ratings!F10="",Ratings!G10=""),"","Yes")) | E10: =IF(Ratings!F10="","",Ratings!F10) | F10: =IF(Ratings!G10="","",Ratings!G10)
A11: 2.3 | B11: Psychological Load Management | D11: =IF(OR(Ratings!F11="N/A",Ratings!G11="N/A"),"No",IF(AND(Ratings!F11="",Ratings!G11=""),"","Yes")) | E11: =IF(Ratings!F11="","",Ratings!F11) | F11: =IF(Ratings!G11="","",Ratings!G11)
A12: 2.4 | B12: Psychosocial Environment | D12: =IF(OR(Ratings!F12="N/A",Ratings!G12="N/A"),"No",IF(AND(Ratings!F12="",Ratings!G12=""),"","Yes")) | E12: =IF(Ratings!F12="","",Ratings!F12) | F12: =IF(Ratings!G12="","",Ratings!G12)
A13: 2.5 | B13: Cognitive Performance | D13: =IF(OR(Ratings!F13="N/A",Ratings!G13="N/A"),"No",IF(AND(Ratings!F13="",Ratings!G13=""),"","Yes")) | E13: =IF(Ratings!F13="","",Ratings!F13) | F13: =IF(Ratings!G13="","",Ratings!G13)
A14: 2.6 | B14: Welfare, Crisis and Safeguarding | D14: =IF(OR(Ratings!F14="N/A",Ratings!G14="N/A"),"No",IF(AND(Ratings!F14="",Ratings!G14=""),"","Yes")) | E14: =IF(Ratings!F14="","",Ratings!F14) | F14: =IF(Ratings!G14="","",Ratings!G14)
A15: 3.1 | B15: Physiotherapy and Rehabilitation | D15: =IF(OR(Ratings!F15="N/A",Ratings!G15="N/A"),"No",IF(AND(Ratings!F15="",Ratings!G15=""),"","Yes")) | E15: =IF(Ratings!F15="","",Ratings!F15) | F15: =IF(Ratings!G15="","",Ratings!G15)
A16: 3.2 | B16: Nutrition and Dietetics | D16: =IF(OR(Ratings!F16="N/A",Ratings!G16="N/A"),"No",IF(AND(Ratings!F16="",Ratings!G16=""),"","Yes")) | E16: =IF(Ratings!F16="","",Ratings!F16) | F16: =IF(Ratings!G16="","",Ratings!G16)
... A38: 7.4 | B38: Knowledge Dissemination and Translation | D38: =IF(OR(Ratings!F38="N/A",Ratings!G38="N/A"),"No",IF(AND(Ratings!F38="",Ratings!G38=""),"","Yes")) | E38: =IF(Ratings!F38="","",Ratings!F38) | F38: =IF(Ratings!G38="","",Ratings!G38)
A41: C3 Domain coverage (from Form 1.3 ratings)
B42: Field | C42: Domains (codes) | D42: Number
B43: Domains with full provision (green, with provision of 1 or more) | C43: {=_xlfn.TEXTJOIN(", ",TRUE(),IF((Ratings!$I$5:$I$38="Green")*(Ratings!$G$5:$G$38>=1),Ratings!$C$5:$C$38,""))} | D43: =SUMPRODUCT(--((Ratings!$I$5:$I$38="Green")*(Ratings!$G$5:$G$38>=1))) -> 0
B44: Domains with partial or developing provision (amber or red, provision 1 or more) | C44: {=_xlfn.TEXTJOIN(", ",TRUE(),IF((Ratings!$I$5:$I$38<>"Green")*(Ratings!$I$5:$I$38<>"")*(Ratings!$G$5:$G$38>=1),Ratings!$C$5:$C$38,""))} | D44: =SUMPRODUCT(--((Ratings!$I$5:$I$38<>"Green")*(Ratings!$I$5:$I$38<>"")*(Ratings!$G$5:$G$38>=1))) -> 0
B45: Domains with no provision (provision 0, need 1 or more) | C45: {=_xlfn.TEXTJOIN(", ",TRUE(),IF((Ratings!$G$5:$G$38=0)*ISNUMBER(Ratings!$G$5:$G$38)*ISNUMBER(Ratings!$F$5:$F$38)*(Ratings!$F$5:$F$38>=1),Ratings!$C$5:$C$38,""))} | D45: =SUMPRODUCT(--((Ratings!$G$5:$G$38=0)*ISNUMBER(Ratings!$G$5:$G$38)*ISNUMBER(Ratings!$F$5:$F$38)*(Ratings!$F$5:$F$38>=1))) -> 0
B46: Domains not currently in scope (not applicable) | C46: {=_xlfn.TEXTJOIN(", ",TRUE(),IF((Ratings!$F$5:$F$38="N/A")+(Ratings!$G$5:$G$38="N/A")>0,Ratings!$C$5:$C$38,""))} | D46: =SUMPRODUCT(--((Ratings!$F$5:$F$38="N/A")+(Ratings!$G$5:$G$38="N/A")>0)) -> 0
A49: Maturity levels (Section C)
B50: Sub-component | C50: Descriptor of the level chosen | D50: Level
B51: C1 Purpose and scope | C51: =IF(D51="","",INDEX(Maturity!$B$5:$E$5,MATCH(D51,Maturity!$B$4:$E$4,0)))
B52: C2 Population and user group | C52: =IF(D52="","",INDEX(Maturity!$B$6:$E$6,MATCH(D52,Maturity!$B$4:$E$4,0)))
B53: C3 Domain coverage | C53: =IF(D53="","",INDEX(Maturity!$B$7:$E$7,MATCH(D53,Maturity!$B$4:$E$4,0)))
B54: C4 Team structure | C54: =IF(D54="","",INDEX(Maturity!$B$8:$E$8,MATCH(D54,Maturity!$B$4:$E$4,0)))
B55: C5 Governance and accountability | C55: =IF(D55="","",INDEX(Maturity!$B$9:$E$9,MATCH(D55,Maturity!$B$4:$E$4,0)))
B56: C6 Information systems | C56: =IF(D56="","",INDEX(Maturity!$B$10:$E$10,MATCH(D56,Maturity!$B$4:$E$4,0)))
B57: C7 Decision-making pathways | C57: =IF(D57="","",INDEX(Maturity!$B$11:$E$11,MATCH(D57,Maturity!$B$4:$E$4,0)))
B58: C8 Evaluation expectations | C58: =IF(D58="","",INDEX(Maturity!$B$12:$E$12,MATCH(D58,Maturity!$B$4:$E$4,0)))
B59: C9 Required resources and enabling conditions | C59: =IF(D59="","",INDEX(Maturity!$B$13:$E$13,MATCH(D59,Maturity!$B$4:$E$4,0)))

Sheet Maturity
A1: PM-OpSpec maturity descriptors
A2: Pilot version 0.2: not yet validated | STRIKERS Elite Sports Group | University of St Andrews | CC BY-NC-ND 4.0
A4: Sub-component | B4: Not in place | C4: Foundation | D4: Established | E4: Advanced
A5: C1 Purpose and scope | B5: No purpose or scope has been agreed for the service | C5: Informally understood; not documented | D5: Documented purpose; clear scope boundaries; known to key staff | E5: Embedded in strategy; regularly reviewed; communicated across organisation
A6: C2 Population and user group | B6: The performers the service is for have not been identified | C6: Informally known; not formally defined | D6: Defined population; roles documented; needs assessment completed | E6: Dynamic population profiling; stratified needs; reviewed annually
A7: C3 Domain coverage | B7: No domain is provided for in a planned way | C7: Ad hoc provision; significant gaps | D7: Core domains covered; gaps identified and planned for | E7: Comprehensive coverage; all in-scope PMIF domains addressed; gaps monitored
A8: C4 Team structure | B8: No staff hold a Performance Medicine role | C8: Single or informal; no defined structure | D8: Defined roles; reporting lines established; MDT meetings in place | E8: Full interdisciplinary team; formalised governance; succession planning
A9: C5 Governance and accountability | B9: No one is accountable for the clinical care provided | C9: No formal governance; ad hoc accountability | D9: Clinical lead identified; basic governance in place; policies documented | E9: Full governance framework; external audit; regular review against professional standards
A10: C6 Information systems | B10: No records of performers' health or performance are kept | C10: Paper-based or informal; no integration | D10: Electronic records in use; basic data sharing; information governance documented | E10: Integrated data ecosystem; real-time dashboards; information governance audited
A11: C7 Decision-making pathways | B11: No pathway exists, and decisions rest with whoever is present | C11: Informal; case-by-case; not documented | D11: Key pathways documented; MDT decision-making; referral pathways clear | E11: All pathways formalised; shared decision-making embedded; regular review
A12: C8 Evaluation expectations | B12: No one is responsible for evaluating the service | C12: No formal evaluation; outcomes not tracked | D12: KPIs defined; annual audit; basic outcome reporting | E12: Continuous evaluation; external benchmarking; published outcomes
A13: C9 Required resources and enabling conditions | B13: No resources are allocated to the service | C13: Under-resourced; significant gaps; ad hoc | D13: Core resources in place; budget allocated; enabling conditions identified | E13: Fully resourced; strategic investment; enabling conditions optimised
A15: Statutory, regulatory and professional requirements, including data protection, professional registration and safeguarding, apply at every level; the levels describe maturity beyond compliance with them.

Sheet Scales
A1: Rating guide
A2: Pilot version 0.2: not yet validated | STRIKERS Elite Sports Group | University of St Andrews | CC BY-NC-ND 4.0
A4: Rating | B4: Label | C4: Descriptor
A5: Need
A6: N/A | B6: Not applicable | C6: The domain does not apply to this setting; it is excluded from every total.
A7: 0 | B7: No current need | C7: The domain applies to this setting, but no provision is required at present.
A8: 1 | B8: Low need | C8: An occasional or minor requirement that general staff can meet.
A9: 2 | B9: Moderate need | C9: A regular requirement that calls for planned provision.
A10: 3 | B10: High need | C10: A frequent, critical or high-risk requirement that calls for dedicated specialist provision.
A11: Provision
A12: N/A | B12: Not applicable | C12: The domain does not apply to this setting; it is excluded from every total.
A13: 0 | B13: None | C13: No provision.
A14: 1 | B14: Limited or ad hoc | C14: Occasional or informal provision, met by general staff or dependent on particular individuals.
A15: 2 | B15: Planned or developing | C15: Planned, regular provision without dedicated specialist input, or specialist provision that is not yet delivered consistently.
A16: 3 | B16: Established | C16: Dedicated specialist provision that is planned, consistent and documented, with named responsibility.

Sheet Lists
A1: N/A | B1: 1.1 | C1: Sport | D1: Not in place | E1: Yes
A2: 0 | B2: 1.2 | C2: Military and tactical | D2: Foundation | E2: No
A3: 1 | B3: 1.3 | C3: Healthcare | D3: Established | E3: Unknown
A4: 2 | C4: Corporate and occupational | D4: Advanced
A5: 3 | C5: Other
